assumption_id,assumption_name,applicable_city,applicable_property_type,applicable_locality_class,multiplier_or_value,lower_bound,upper_bound,unit,rationale,supporting_source_ids,created_date
ASM-001,Mumbai CO Premium Rent Benchmark,Mumbai,Commercial Office,Premium,185.0,170.0,210.0,INR/sqft/month,BKC Grade-A office rentals per JLL India and Embassy REIT disclosures 2024-25. Central estimate represents mid-range of ₹170-210 band cited in multiple sources.,"SRC-001,SRC-005",2026-09-19
ASM-002,Mumbai CO Established Rent Benchmark,Mumbai,Commercial Office,Established,98.0,82.0,115.0,INR/sqft/month,"Andheri East, Malad, Thane office rental range. Established corridors command 45-60% of BKC benchmark per JLL micro-market data.","SRC-001,SRC-005",2026-09-19
ASM-003,Mumbai CO Growth/Peripheral Rent Benchmark,Mumbai,Commercial Office,Growth,68.0,55.0,82.0,INR/sqft/month,"Navi Mumbai / Thane peripheral micro-markets at 35-45% of BKC. Sources: JLL India, CBRE corridor analysis.","SRC-005,SRC-006",2026-09-19
ASM-004,Delhi NCR CO Premium Rent Benchmark,Delhi NCR,Commercial Office,Premium,125.0,105.0,145.0,INR/sqft/month,"Gurugram Cyber City, Golf Course Road, Aerocity Grade-A range per JLL Q4 2024 and CBRE India 2025. Aerocity benefits from airport proximity premium.","SRC-005,SRC-006",2026-09-19
ASM-005,Delhi NCR CO Established Rent Benchmark,Delhi NCR,Commercial Office,Established,88.0,72.0,105.0,INR/sqft/month,"Gurugram Sector 44, established secondary corridors at 65-75% of prime benchmark.","SRC-005,SRC-008",2026-09-19
ASM-006,Delhi NCR CO Growth Rent Benchmark,Delhi NCR,Commercial Office,Growth,60.0,48.0,72.0,INR/sqft/month,Noida Sector 62 (IT/ITES cluster) per JLL and Colliers Noida micro-market data.,"SRC-005,SRC-008",2026-09-19
ASM-007,Delhi NCR CO Peripheral Rent Benchmark,Delhi NCR,Commercial Office,Peripheral,42.0,32.0,52.0,INR/sqft/month,Manesar/IMT Manesar industrial office space at significant discount to Gurugram prime.,"SRC-008,SRC-013",2026-09-19
ASM-008,Bengaluru CO Premium Rent Benchmark,Bengaluru,Commercial Office,Premium,108.0,92.0,125.0,INR/sqft/month,"Outer Ring Road (Embassy TechVillage, RMZ Ecospace area) Grade-A per Embassy REIT AR 2025 and JLL.","SRC-001,SRC-005",2026-09-19
ASM-009,Bengaluru CO Established Rent Benchmark,Bengaluru,Commercial Office,Established,88.0,75.0,105.0,INR/sqft/month,"Whitefield, Hebbal, Manyata Tech Park established corridors per Knight Frank H1 2025 and Embassy REIT.","SRC-001,SRC-007",2026-09-19
ASM-010,Bengaluru CO Growth Rent Benchmark,Bengaluru,Commercial Office,Growth,70.0,58.0,82.0,INR/sqft/month,"Electronic City Phase 1, secondary IT corridors at approximately 65% of ORR benchmark.","SRC-005,SRC-013",2026-09-19
ASM-011,Hyderabad CO Established Rent Benchmark,Hyderabad,Commercial Office,Established,72.0,60.0,85.0,INR/sqft/month,"HITEC City, Financial District per Mindspace REIT asset-level data (asset proxy, not locality median). Mindspace Madhapur cited at ₹72 PSF; Financial District comparable.","SRC-002,SRC-012",2026-09-19
ASM-012,Hyderabad CO Peripheral Rent Benchmark,Hyderabad,Commercial Office,Peripheral,45.0,35.0,55.0,INR/sqft/month,Pocharam emerging IT cluster at significant discount to HITEC City. Documented as peripheral/emerging in Colliers Hyderabad data.,"SRC-008,SRC-013",2026-09-19
ASM-013,Pune CO Established Rent Benchmark,Pune,Commercial Office,Established,66.0,55.0,78.0,INR/sqft/month,"Hinjewadi, Kharadi, Magarpatta, Viman Nagar per JLL Q4 2024 Pune office report.","SRC-005,SRC-017",2026-09-19
ASM-014,Pune CO Growth Rent Benchmark,Pune,Commercial Office,Growth,55.0,44.0,66.0,INR/sqft/month,Baner emerging office cluster at approximately 80% of Hinjewadi benchmark.,"SRC-005,SRC-013",2026-09-19
ASM-015,Chennai CO Established Rent Benchmark,Chennai,Commercial Office,Established,62.0,52.0,72.0,INR/sqft/month,"OMR, Perungudi Grade-A office rental per CBRE South Asia 2025.","SRC-006,SRC-010",2026-09-19
ASM-016,Chennai CO Growth Rent Benchmark,Chennai,Commercial Office,Growth,45.0,35.0,55.0,INR/sqft/month,Ambattur Industrial Estate office/IT cluster at approximately 70% of OMR benchmark.,"SRC-006,SRC-013",2026-09-19
ASM-017,Kolkata CO Established Rent Benchmark,Kolkata,Commercial Office,Established,48.0,38.0,58.0,INR/sqft/month,Salt Lake Sector V IT hub per Brookfield REIT asset-level data (Candor TechSpace). Asset-level proxy.,"SRC-003,SRC-005",2026-09-19
ASM-018,Ahmedabad CO Established Rent Benchmark,Ahmedabad,Commercial Office,Established,45.0,36.0,55.0,INR/sqft/month,SG Highway office corridor per Colliers and JLL Ahmedabad data.,"SRC-005,SRC-008",2026-09-19
ASM-019,Ahmedabad GIFT City CO Benchmark,Ahmedabad,Commercial Office,Growth,52.0,42.0,62.0,INR/sqft/month,"GIFT City is an IFSC special zone. Rentals command a premium over SG Highway due to Grade-A stock, regulatory incentives and captive BFSI demand.","SRC-005,SRC-013",2026-09-19
ASM-020,Mumbai Retail Premium Benchmark,Mumbai,Retail,Premium,280.0,220.0,360.0,INR/sqft/month,"Lower Parel, Linking Road high-street retail per Nexus Select REIT disclosures and CBRE India retail report. High variance due to mall-vs-high-street distinction.","SRC-004,SRC-006",2026-09-19
ASM-021,Delhi NCR Retail Established Benchmark,Delhi NCR,Retail,Established,190.0,150.0,240.0,INR/sqft/month,"Connaught Place, Saket District Centre high-street and mall retail per CBRE India. CP commands premium; Noida Sector 18 at lower end of range.","SRC-004,SRC-006",2026-09-19
ASM-022,Bengaluru Retail Benchmark,Bengaluru,Retail,Established,165.0,130.0,210.0,INR/sqft/month,"Koramangala, MG Road / Brigade Road high-street retail per CBRE and JLL Bengaluru.","SRC-006,SRC-005",2026-09-19
ASM-023,Hyderabad Retail Benchmark,Hyderabad,Retail,Premium,145.0,110.0,185.0,INR/sqft/month,Banjara Hills high-street retail corridor per JLL India and ANAROCK.,"SRC-005,SRC-009",2026-09-19
ASM-024,Chennai Retail Benchmark,Chennai,Retail,Premium,200.0,160.0,250.0,INR/sqft/month,T Nagar is one of India's highest-density retail districts. Premium street retail per Knight Frank and ANAROCK.,"SRC-007,SRC-009",2026-09-19
ASM-025,Pune Retail Benchmark,Pune,Retail,Established,120.0,90.0,150.0,INR/sqft/month,MG Road / Camp area Pune established retail per CBRE India.,"SRC-006,SRC-013",2026-09-19
ASM-026,Kolkata Retail Benchmark,Kolkata,Retail,Established,115.0,85.0,145.0,INR/sqft/month,Park Street retail corridor per JLL India and CBRE.,"SRC-005,SRC-006",2026-09-19
ASM-027,Mumbai Residential Established Benchmark,Mumbai,Residential,Established,72.0,58.0,90.0,INR/sqft/month,Powai mid-income to premium residential rental per Knight Frank and ANAROCK Mumbai.,"SRC-007,SRC-009",2026-09-19
ASM-028,Delhi NCR Residential Growth Benchmark,Delhi NCR,Residential,Growth,32.0,24.0,42.0,INR/sqft/month,Gurugram Sohna Road emerging residential rental corridor per ANAROCK.,"SRC-009,SRC-013",2026-09-19
ASM-029,Bengaluru Residential Growth Benchmark,Bengaluru,Residential,Growth,28.0,22.0,36.0,INR/sqft/month,"Sarjapur Road, Yelahanka residential rental per ANAROCK Q4 2024 and Knight Frank.","SRC-007,SRC-009",2026-09-19
ASM-030,Hyderabad Residential Benchmark,Hyderabad,Residential,Established,30.0,22.0,40.0,INR/sqft/month,"Gachibowli, Banjara Hills residential rental per Knight Frank India and ANAROCK.","SRC-007,SRC-009",2026-09-19
ASM-031,Pune Residential Benchmark,Pune,Residential,Growth,22.0,16.0,30.0,INR/sqft/month,"Pune Wakad, Undri/Pisoli peripheral-to-growth residential rental per ANAROCK.","SRC-009,SRC-013",2026-09-19
ASM-032,Chennai Residential Benchmark,Chennai,Residential,Established,24.0,18.0,32.0,INR/sqft/month,Chennai Velachery mid-income residential rental per Knight Frank H1 2025.,"SRC-007,SRC-013",2026-09-19
ASM-033,Kolkata Residential Growth Benchmark,Kolkata,Residential,Growth,18.0,13.0,24.0,INR/sqft/month,New Town (Rajarhat) emerging residential corridor per ANAROCK and JLL Kolkata.,"SRC-009,SRC-013",2026-09-19
ASM-034,CO Capital Value Multiplier — Premium,All,Commercial Office,Premium,140.0,120.0,160.0,months of rent (implicit capital value = rent × multiplier),Premium Grade-A office cap rate approximately 7.5-8.5%. Multiplier = 12/yield. At 8%: 150×; range 120-160×. Per CBRE cap rate benchmarks 2025.,"SRC-006,SRC-005",2026-09-19
ASM-035,CO Capital Value Multiplier — Established,All,Commercial Office,Established,130.0,110.0,150.0,months of rent,Established Grade-A/B+ office cap rate approximately 8-9%. Multiplier = 12/yield ≈ 130×.,"SRC-006,SRC-007",2026-09-19
ASM-036,CO Capital Value Multiplier — Growth/Peripheral,All,Commercial Office,Growth,115.0,95.0,135.0,months of rent,Growth/emerging office cap rate approximately 9-11%. Multiplier = 12/yield ≈ 115×.,"SRC-006,SRC-013",2026-09-19
ASM-037,Retail Capital Value Multiplier,All,Retail,All,100.0,80.0,120.0,months of rent,Retail cap rates approximately 8-10% for mall/high-street. High-street commands tighter yields.,"SRC-004,SRC-006",2026-09-19
ASM-038,Residential Capital Value Multiplier,All,Residential,All,280.0,240.0,340.0,months of rent,Indian residential gross yield typically 2.5-4%. Multiplier = 12/yield ≈ 280×. Residential yield deliberately compressed vs commercial due to appreciation expectations.,"SRC-007,SRC-009",2026-09-19
ASM-039,CO Rental Growth — Premium,All,Commercial Office,Premium,0.07,0.04,0.1,annual ratio,Premium Grade-A office rental growth 6-9% p.a. observed in major Indian corridors per JLL and Embassy REIT growth disclosures.,"SRC-001,SRC-005",2026-09-19
ASM-040,CO Rental Growth — Established,All,Commercial Office,Established,0.06,0.03,0.09,annual ratio,"Established office corridor rental growth 5-8% p.a., slightly below premium.","SRC-005,SRC-006",2026-09-19
ASM-041,CO Rental Growth — Growth/Peripheral,All,Commercial Office,Growth,0.08,0.04,0.13,annual ratio,Growth markets can show higher rental growth from a lower base as they mature. Wider uncertainty band reflects earlier stage.,"SRC-005,SRC-013",2026-09-19
ASM-042,Retail Rental Growth Benchmark,All,Retail,All,0.05,0.02,0.09,annual ratio,Retail rental growth more muted due to revenue-share leasing structures; 4-7% for performing properties per Nexus Select disclosures.,"SRC-004,SRC-007",2026-09-19
ASM-043,Residential Rental Growth Benchmark,All,Residential,All,0.07,0.04,0.11,annual ratio,Residential rentals have shown 7-10% growth in major cities per ANAROCK and Knight Frank India 2024-25 due to demand-supply mismatch.,"SRC-007,SRC-009",2026-09-19
ASM-044,CO Occupancy — Premium,All,Commercial Office,Premium,91.0,85.0,96.0,percent,Premium Grade-A vacancy in major Indian cities typically sub-10% per JLL Q4 2024. Central occupancy 90-93%.,"SRC-005,SRC-006",2026-09-19
ASM-045,CO Occupancy — Established,All,Commercial Office,Established,88.0,80.0,94.0,percent,Established corridor occupancy with moderate new supply.,"SRC-005,SRC-008",2026-09-19
ASM-046,CO Occupancy — Growth/Peripheral,All,Commercial Office,Growth,78.0,65.0,88.0,percent,Growth/peripheral markets have higher vacancy due to new supply and thinner demand base.,"SRC-005,SRC-013",2026-09-19
ASM-047,Retail Occupancy Benchmark,All,Retail,All,88.0,78.0,95.0,percent,Indian retail mall and high-street occupancy per Nexus Select and JLL Retail India.,"SRC-004,SRC-005",2026-09-19
ASM-048,Residential Occupancy Benchmark,All,Residential,All,86.0,78.0,94.0,percent,"Residential occupancy for investment-grade units per ANAROCK. Reflects ~14% structural vacancy (search, refurbishment, lease gaps).","SRC-009,SRC-013",2026-09-19
