check_id,segment_id,segment,parameter,project_lower,project_central,project_upper,units,publisher,document_title,document_date,url,page_or_table,geography,property_type,figure_quoted,period,relation,relation_note,relationship_to_register,checked_on
BMK-01,MKT-001,"Bandra Kurla Complex, Mumbai",monthly rent (Grade A office),170,185,210,INR per sq ft per month,Knight Frank India,India Real Estate – Office and Residential Market (January–June 2025),H1 2025,https://content.knightfrank.com/research/3013/documents/en/india-real-estate-office-and-residential-market-h1-2025-12239.pdf,Mumbai business-district rental table (p.59 of the extracted text),"Mumbai, BKC & Off-BKC",Office,"BKC & Off-BKC 2,460 – 4,590 (229–427) 15% 6%",H1 2025,below,"The project's whole range (170–210) is below the report's quoted range (229–427). The report's figure is a quoted rental range for a business district, not a median of comparable buildings.","Not the cited document; the register's SRC-007 cites 'India Real Estate Outlook H1 2025', which was not located",2026-10-05
BMK-02,MKT-001,"Bandra Kurla Complex, Mumbai",annual rental growth,4,7,10,percent per year,Knight Frank India,India Real Estate – Office and Residential Market (January–June 2025),H1 2025,https://content.knightfrank.com/research/3013/documents/en/india-real-estate-office-and-residential-market-h1-2025-12239.pdf,same table,"Mumbai, BKC & Off-BKC",Office,BKC & Off-BKC … 15% 6% (12-month and 6-month change),H1 2025,below,The report's 12-month change (15%) is above the project's upper bound; one year's change is not the same as an assumed long-run growth rate.,"Not the cited document; the register's SRC-007 cites 'India Real Estate Outlook H1 2025', which was not located",2026-10-05
BMK-03,MKT-026,"Outer Ring Road, Bengaluru",monthly rent (Grade A office),92,108,125,INR per sq ft per month,Knight Frank India,India Real Estate – Office and Residential Market (January–June 2025),H1 2025,https://content.knightfrank.com/research/3013/documents/en/india-real-estate-office-and-residential-market-h1-2025-12239.pdf,Bengaluru rental table (p.27),"Bengaluru, ORR",Office,"ORR 1,076 - 1,345 (100 - 125) 2% 0%",H1 2025,consistent,The project's central value (108) lies inside the report's range (100–125).,"Not the cited document; the register's SRC-007 cites 'India Real Estate Outlook H1 2025', which was not located",2026-10-05
BMK-04,MKT-016,"Gurugram — Cyber Hub, Delhi NCR",monthly rent (Grade A office),105,125,145,INR per sq ft per month,Knight Frank India,India Real Estate – Office and Residential Market (January–June 2025),H1 2025,https://content.knightfrank.com/research/3013/documents/en/india-real-estate-office-and-residential-market-h1-2025-12239.pdf,NCR rental table (p.67); Zone A includes DLF Cyber City,"Delhi NCR, Gurugram Zone A",Office,"Gurugram Zone A 1,292-2,067 (120-192) 8% 4%",H1 2025,partly consistent,"The project's central value (125) is inside the report's range (120–192) but near its lower end, and the project's upper bound (145) excludes most of it.","Not the cited document; the register's SRC-007 cites 'India Real Estate Outlook H1 2025', which was not located",2026-10-05
BMK-05,MKT-010,"HITEC City, Hyderabad",monthly rent (Grade A office),60,72,85,INR per sq ft per month,Knight Frank India,India Real Estate – Office and Residential Market (January–June 2025),H1 2025,https://content.knightfrank.com/research/3013/documents/en/india-real-estate-office-and-residential-market-h1-2025-12239.pdf,Hyderabad rental table (p.43); SBD includes HITEC City,"Hyderabad, SBD",Office,"SBD 753- 1,023 (70 -95) 11% 3%",H1 2025,partly consistent,The project's central value (72) is at the bottom of the report's range (70–95); the project's lower bound (60) is below it.,"Not the cited document; the register's SRC-007 cites 'India Real Estate Outlook H1 2025', which was not located",2026-10-05
BMK-06,MKT-005,"Kharadi, Pune",monthly rent (Grade A office),55,66,78,INR per sq ft per month,Knight Frank India,India Real Estate – Office and Residential Market (January–June 2025),H1 2025,https://content.knightfrank.com/research/3013/documents/en/india-real-estate-office-and-residential-market-h1-2025-12239.pdf,Pune rental table (p.75); PBD East includes Kharadi,"Pune, PBD East",Office,"PBD East 726-1,183 (67-110) 5% 2%",H1 2025,below,The project's central value (66) is just below the report's range (67–110).,"Not the cited document; the register's SRC-007 cites 'India Real Estate Outlook H1 2025', which was not located",2026-10-05
BMK-07,MKT-006,"Wakad, Pune",capital value (residential),3840,6160,10200,INR per sq ft,Knight Frank India,India Real Estate – Office and Residential Market (January–June 2025),H1 2025,https://content.knightfrank.com/research/3013/documents/en/india-real-estate-office-and-residential-market-h1-2025-12239.pdf,Pune residential price movement in select locations,"Pune, Wakad",Residential,"Wakad 108,146-141,923 (10,047-13,185) 18% 15%",H1 2025,below,"The project's central value (6,160) is about 40% below the report's lower bound (10,047).","Not the cited document; the register's SRC-007 cites 'India Real Estate Outlook H1 2025', which was not located",2026-10-05
BMK-08,MKT-048,"Undri / Pisoli, Pune",capital value (residential),2880,4480,7480,INR per sq ft,Knight Frank India,India Real Estate – Office and Residential Market (January–June 2025),H1 2025,https://content.knightfrank.com/research/3013/documents/en/india-real-estate-office-and-residential-market-h1-2025-12239.pdf,Pune residential price movement in select locations,"Pune, Undri",Residential,"Undri 60,461-67,641 (5,617-6,284) 2% 1%",H1 2025,below,"The project's central value (4,480) is below the report's range (5,617–6,284).","Not the cited document; the register's SRC-007 cites 'India Real Estate Outlook H1 2025', which was not located",2026-10-05
BMK-09,MKT-008,"Sarjapur Road, Bengaluru",capital value (residential),5280,7840,12240,INR per sq ft,ANAROCK Research,Indian Residential Real Estate Annual Report 2024: Beyond the Growth Trajectory,January 2025,https://websitemedia.anarock.com/media/ANAROCK_Research_Indian_Residential_Market_Annual_Update_2024_3b5aa5b04d.pdf,"India residential market overview table, 'Average Capital Value (INR/sqft)' (p.7)",Bengaluru (city average),Residential,"Average Capital Value … Bengaluru 8,380",2024,consistent (city level only),"The project's central value (7,840) is close to the Bengaluru city average (8,380); a city average does not test a locality.","Not the cited document; the register's SRC-009 cites 'India Residential Market Report Q4 2024', which was not located",2026-10-05
BMK-10,MKT-010,"HITEC City, Hyderabad","monthly rent (office, single REIT asset)",60,72,85,INR per sq ft per month,Mindspace Business Parks REIT,Investor Presentation Q4 FY25,30 April 2025,https://www.mindspacereit.com/wp-content/uploads/2020/11/Investor-Presentation_Q4-FY25.pdf,Portfolio asset table as of 31 March 2025 (p.54),"Hyderabad, Mindspace Madhapur (asset)",Office,Mindspace Madhapur 13.7 9.9 3.7 92.3% 97.2% 7.3 69.9,31 March 2025,consistent (one asset),The asset's in-place rent (69.9) is close to the project's central value (72). One asset is not a market median.,"Not the cited document; same publisher as SRC-002 (Annual Report 2024-25, located on the publisher's site but too large to retrieve in this pass)",2026-10-05
BMK-11,MKT-021,"Malad — Mindspace, Mumbai","monthly rent (office, single REIT asset)",82,98,115,INR per sq ft per month,Mindspace Business Parks REIT,Investor Presentation Q4 FY25,30 April 2025,https://www.mindspacereit.com/wp-content/uploads/2020/11/Investor-Presentation_Q4-FY25.pdf,Portfolio asset table as of 31 March 2025 (p.54),"Mumbai, Mindspace Malad (asset)",Office,Mindspace Malad 0.8 0.8 - 98.5% 98.5% 3.8 102.2,31 March 2025,consistent (one asset),The asset's in-place rent (102.2) is inside the project's range.,"Not the cited document; same publisher as SRC-002 (Annual Report 2024-25, located on the publisher's site but too large to retrieve in this pass)",2026-10-05
BMK-12,MKT-001,"Bandra Kurla Complex, Mumbai","monthly rent (office, single REIT asset)",170,185,210,INR per sq ft per month,Mindspace Business Parks REIT,Investor Presentation Q4 FY25,30 April 2025,https://www.mindspacereit.com/wp-content/uploads/2020/11/Investor-Presentation_Q4-FY25.pdf,Portfolio asset table as of 31 March 2025 (p.54),"Mumbai, The Square BKC (asset)",Office,The Square BKC 0.1 0.1 - 100.0% 100.0% 1.7 240.0,31 March 2025,below,A 0.1 million sq ft asset's in-place rent (240.0) is above the project's upper bound (210).,"Not the cited document; same publisher as SRC-002 (Annual Report 2024-25, located on the publisher's site but too large to retrieve in this pass)",2026-10-05
BMK-13,MKT-031,"Pocharam, Hyderabad","occupancy (office, single REIT asset)",55,70,82,percent,Mindspace Business Parks REIT,Investor Presentation Q4 FY25,30 April 2025,https://www.mindspacereit.com/wp-content/uploads/2020/11/Investor-Presentation_Q4-FY25.pdf,Portfolio asset table as of 31 March 2025 (p.54),"Hyderabad, Mindspace Pocharam (asset)",Office,Mindspace Pocharam 0.6 0.6 - 0.0% 0.0% - -,31 March 2025,above,"The one REIT asset recorded in this location was 0% occupied (the deck notes a potential divestment). One asset is not a market figure, but it gives no support to the project's 55–82% range.","Not the cited document; same publisher as SRC-002 (Annual Report 2024-25, located on the publisher's site but too large to retrieve in this pass)",2026-10-05
BMK-14,MKT-001,"Bandra Kurla Complex, Mumbai","monthly rent (office, Mumbai REIT asset outside BKC)",170,185,210,INR per sq ft per month,Embassy Office Parks REIT,FY2025 Earnings Materials (Q4 FY25 earnings presentation),29 April 2025,https://eopwebsvr.blob.core.windows.net/media/filer_public/28/de/28de57e0-1e9b-4137-bf6e-7701de412bb6/earnings_presentation_q4_fy25.pdf,Portfolio summary (p.47),"Mumbai, Express Towers, Nariman Point (asset)",Office,Express Towers 0.5 - 0.5 3.6 100% 274 300 10%,31 March 2025,context only,"Express Towers is not in BKC, so this is context for Mumbai prime office rents (in-place 274, market 300), not a check of the BKC segment.","Not the cited document; same publisher as SRC-001 (Annual Report 2024-25, not located)",2026-10-05
