marketId,methodologyNote,classificationNote
MKT-001,Market estimates derived from triangular distributions parameterised on JLL/CBRE India Office Research Q4 2024. Seed 20260919.,Locality estimate derived from REIT annual-report disclosures using documented locality-class multiplier.
MKT-002,Market estimates derived from triangular distributions parameterised on JLL/CBRE India Office Research Q4 2024. Seed 20260919.,Locality estimate calibrated to JLL/CBRE city-level benchmarks using documented locality-class multiplier.
MKT-003,Market estimates derived from triangular distributions parameterised on JLL India Retail Outlook 2024 and CBRE India Retail H2 2024. Seed 20260919.,Locality estimate calibrated to JLL/CBRE city-level benchmarks using documented locality-class multiplier.
MKT-004,Market estimates derived from triangular distributions parameterised on JLL/CBRE India Office Research Q4 2024. Seed 20260919.,Locality estimate calibrated to JLL/CBRE city-level benchmarks using documented locality-class multiplier.
MKT-005,Market estimates derived from triangular distributions parameterised on JLL/CBRE India Office Research Q4 2024. Seed 20260919.,Locality estimate calibrated to JLL/CBRE city-level benchmarks using documented locality-class multiplier.
MKT-006,Market estimates derived from triangular distributions parameterised on Knight Frank India Residential 2024 and ANAROCK Rental Yield Report 2024. Seed 20260919.,Locality estimate calibrated to JLL/CBRE city-level benchmarks using documented locality-class multiplier.
MKT-007,Market estimates derived from triangular distributions parameterised on JLL/CBRE India Office Research Q4 2024. Seed 20260919.,Locality estimate derived from REIT annual-report disclosures using documented locality-class multiplier.
MKT-008,Market estimates derived from triangular distributions parameterised on Knight Frank India Residential 2024 and ANAROCK Rental Yield Report 2024. Seed 20260919.,Locality estimate calibrated to JLL/CBRE city-level benchmarks using documented locality-class multiplier.
MKT-009,Market estimates derived from triangular distributions parameterised on JLL India Retail Outlook 2024 and CBRE India Retail H2 2024. Seed 20260919.,Locality estimate calibrated to JLL/CBRE city-level benchmarks using documented locality-class multiplier.
MKT-010,Market estimates derived from triangular distributions parameterised on JLL/CBRE India Office Research Q4 2024. Seed 20260919.,Locality estimate derived from REIT annual-report disclosures using documented locality-class multiplier.
MKT-011,Market estimates derived from triangular distributions parameterised on Knight Frank India Residential 2024 and ANAROCK Rental Yield Report 2024. Seed 20260919.,Locality estimate calibrated to JLL/CBRE city-level benchmarks using documented locality-class multiplier.
MKT-012,Market estimates derived from triangular distributions parameterised on Knight Frank India Residential 2024 and ANAROCK Rental Yield Report 2024. Seed 20260919.,Locality estimate calibrated to JLL/CBRE city-level benchmarks using documented locality-class multiplier.
MKT-013,Market estimates derived from triangular distributions parameterised on JLL/CBRE India Office Research Q4 2024. Seed 20260919.,Locality estimate calibrated to JLL/CBRE city-level benchmarks using documented locality-class multiplier.
MKT-014,Market estimates derived from triangular distributions parameterised on JLL India Retail Outlook 2024 and CBRE India Retail H2 2024. Seed 20260919.,Locality estimate calibrated to JLL/CBRE city-level benchmarks using documented locality-class multiplier.
MKT-015,Market estimates derived from triangular distributions parameterised on Knight Frank India Residential 2024 and ANAROCK Rental Yield Report 2024. Seed 20260919.,Locality estimate calibrated to JLL/CBRE city-level benchmarks using documented locality-class multiplier.
MKT-016,Market estimates derived from triangular distributions parameterised on JLL/CBRE India Office Research Q4 2024. Seed 20260919.,Locality estimate calibrated to JLL/CBRE city-level benchmarks using documented locality-class multiplier.
MKT-017,Market estimates derived from triangular distributions parameterised on JLL India Retail Outlook 2024 and CBRE India Retail H2 2024. Seed 20260919.,Locality estimate calibrated to JLL/CBRE city-level benchmarks using documented locality-class multiplier.
MKT-018,Market estimates derived from triangular distributions parameterised on JLL/CBRE India Office Research Q4 2024. Seed 20260919.,Locality estimate calibrated to JLL/CBRE city-level benchmarks using documented locality-class multiplier.
MKT-019,Market estimates derived from triangular distributions parameterised on JLL/CBRE India Office Research Q4 2024. Seed 20260919.,Locality estimate calibrated to JLL/CBRE city-level benchmarks using documented locality-class multiplier.
MKT-020,Market estimates derived from triangular distributions parameterised on JLL/CBRE India Office Research Q4 2024. Seed 20260919.,Locality estimate calibrated to JLL/CBRE city-level benchmarks using documented locality-class multiplier.
MKT-021,Market estimates derived from triangular distributions parameterised on JLL/CBRE India Office Research Q4 2024. Seed 20260919.,Locality estimate derived from REIT annual-report disclosures using documented locality-class multiplier.
MKT-022,Market estimates derived from triangular distributions parameterised on JLL/CBRE India Office Research Q4 2024. Seed 20260919.,Locality estimate calibrated to JLL/CBRE city-level benchmarks using documented locality-class multiplier.
MKT-023,Market estimates derived from triangular distributions parameterised on JLL/CBRE India Office Research Q4 2024. Seed 20260919.,Locality estimate calibrated to JLL/CBRE city-level benchmarks using documented locality-class multiplier.
MKT-024,Market estimates derived from triangular distributions parameterised on JLL/CBRE India Office Research Q4 2024. Seed 20260919.,Locality estimate calibrated to JLL/CBRE city-level benchmarks using documented locality-class multiplier.
MKT-025,Market estimates derived from triangular distributions parameterised on JLL/CBRE India Office Research Q4 2024. Seed 20260919.,Locality estimate calibrated to JLL/CBRE city-level benchmarks using documented locality-class multiplier.
MKT-026,Market estimates derived from triangular distributions parameterised on JLL/CBRE India Office Research Q4 2024. Seed 20260919.,Locality estimate derived from REIT annual-report disclosures using documented locality-class multiplier.
MKT-027,Market estimates derived from triangular distributions parameterised on JLL/CBRE India Office Research Q4 2024. Seed 20260919.,Locality estimate calibrated to JLL/CBRE city-level benchmarks using documented locality-class multiplier.
MKT-028,Market estimates derived from triangular distributions parameterised on JLL/CBRE India Office Research Q4 2024. Seed 20260919.,Locality estimate calibrated to JLL/CBRE city-level benchmarks using documented locality-class multiplier.
MKT-029,Market estimates derived from triangular distributions parameterised on JLL/CBRE India Office Research Q4 2024. Seed 20260919.,Locality estimate derived from REIT annual-report disclosures using documented locality-class multiplier.
MKT-030,Market estimates derived from triangular distributions parameterised on JLL/CBRE India Office Research Q4 2024. Seed 20260919.,Locality estimate derived from REIT annual-report disclosures using documented locality-class multiplier.
MKT-031,Market estimates derived from triangular distributions parameterised on JLL/CBRE India Office Research Q4 2024. Seed 20260919.,Peripheral micro-market; no independent published rental benchmark. Values are pipeline extrapolations from city-level assumptions.
MKT-032,Market estimates derived from triangular distributions parameterised on JLL/CBRE India Office Research Q4 2024. Seed 20260919.,Locality estimate derived from REIT annual-report disclosures using documented locality-class multiplier.
MKT-033,Market estimates derived from triangular distributions parameterised on JLL/CBRE India Office Research Q4 2024. Seed 20260919.,Locality estimate calibrated to JLL/CBRE city-level benchmarks using documented locality-class multiplier.
MKT-034,Market estimates derived from triangular distributions parameterised on JLL/CBRE India Office Research Q4 2024. Seed 20260919.,Locality estimate calibrated to JLL/CBRE city-level benchmarks using documented locality-class multiplier.
MKT-035,Market estimates derived from triangular distributions parameterised on JLL/CBRE India Office Research Q4 2024. Seed 20260919.,Locality estimate calibrated to JLL/CBRE city-level benchmarks using documented locality-class multiplier.
MKT-036,Market estimates derived from triangular distributions parameterised on JLL/CBRE India Office Research Q4 2024. Seed 20260919.,Peripheral micro-market; no independent published rental benchmark. Values are pipeline extrapolations from city-level assumptions.
MKT-037,Market estimates derived from triangular distributions parameterised on JLL/CBRE India Office Research Q4 2024. Seed 20260919.,Locality estimate calibrated to JLL/CBRE city-level benchmarks using documented locality-class multiplier.
MKT-038,Market estimates derived from triangular distributions parameterised on JLL/CBRE India Office Research Q4 2024. Seed 20260919.,Locality estimate calibrated to JLL/CBRE city-level benchmarks using documented locality-class multiplier.
MKT-039,Market estimates derived from triangular distributions parameterised on JLL/CBRE India Office Research Q4 2024. Seed 20260919.,Peripheral micro-market; no independent published rental benchmark. Values are pipeline extrapolations from city-level assumptions.
MKT-040,Market estimates derived from triangular distributions parameterised on JLL India Retail Outlook 2024 and CBRE India Retail H2 2024. Seed 20260919.,Locality estimate calibrated to JLL/CBRE city-level benchmarks using documented locality-class multiplier.
MKT-041,Market estimates derived from triangular distributions parameterised on JLL India Retail Outlook 2024 and CBRE India Retail H2 2024. Seed 20260919.,Locality estimate calibrated to JLL/CBRE city-level benchmarks using documented locality-class multiplier.
MKT-042,Market estimates derived from triangular distributions parameterised on JLL India Retail Outlook 2024 and CBRE India Retail H2 2024. Seed 20260919.,Locality estimate calibrated to JLL/CBRE city-level benchmarks using documented locality-class multiplier.
MKT-043,Market estimates derived from triangular distributions parameterised on JLL India Retail Outlook 2024 and CBRE India Retail H2 2024. Seed 20260919.,Locality estimate calibrated to JLL/CBRE city-level benchmarks using documented locality-class multiplier.
MKT-044,Market estimates derived from triangular distributions parameterised on JLL India Retail Outlook 2024 and CBRE India Retail H2 2024. Seed 20260919.,Locality estimate calibrated to JLL/CBRE city-level benchmarks using documented locality-class multiplier.
MKT-045,Market estimates derived from triangular distributions parameterised on JLL India Retail Outlook 2024 and CBRE India Retail H2 2024. Seed 20260919.,Locality estimate calibrated to JLL/CBRE city-level benchmarks using documented locality-class multiplier.
MKT-046,Market estimates derived from triangular distributions parameterised on Knight Frank India Residential 2024 and ANAROCK Rental Yield Report 2024. Seed 20260919.,Locality estimate calibrated to JLL/CBRE city-level benchmarks using documented locality-class multiplier.
MKT-047,Market estimates derived from triangular distributions parameterised on Knight Frank India Residential 2024 and ANAROCK Rental Yield Report 2024. Seed 20260919.,Locality estimate calibrated to JLL/CBRE city-level benchmarks using documented locality-class multiplier.
MKT-048,Market estimates derived from triangular distributions parameterised on Knight Frank India Residential 2024 and ANAROCK Rental Yield Report 2024. Seed 20260919.,Locality estimate calibrated to JLL/CBRE city-level benchmarks using documented locality-class multiplier.
MKT-049,Market estimates derived from triangular distributions parameterised on Knight Frank India Residential 2024 and ANAROCK Rental Yield Report 2024. Seed 20260919.,Locality estimate calibrated to JLL/CBRE city-level benchmarks using documented locality-class multiplier.
MKT-050,Market estimates derived from triangular distributions parameterised on Knight Frank India Residential 2024 and ANAROCK Rental Yield Report 2024. Seed 20260919.,Locality estimate calibrated to JLL/CBRE city-level benchmarks using documented locality-class multiplier.
