source_id,tier,publisher,title,year,url,verification_status,verification_date,verification_method,secondary_host,notes
SRC-001,1,Embassy Office Parks REIT,Embassy REIT Annual Report 2024-25,2025,https://www.embassyofficeparks.com/investors/,URL corrected; publisher confirmed; document not located,2026-10-04,HTTP fetch of the cited URL and of the publisher root,No,"Cited URL /investor-relations returned HTTP 404. Correct path is /investors/. Publisher confirmed. The named FY2024-25 annual report was NOT located. DISCREPANCY: the previous register note claimed Embassy covers BKC; the publisher's own asset list names Express Towers, First International Finance Center and Embassy 247 in Mumbai, and no BKC asset. Embassy Manyata (Bengaluru) is confirmed."
SRC-002,1,Mindspace Business Parks REIT,Mindspace REIT Annual Report 2024-25,2025,https://www.mindspacereit.com/investor-relations,Publisher confirmed; document not located,2026-10-04,HTTP fetch of the cited URL,No,"URL resolves and is the publisher's official investor-relations page. Only Annual Report FY2026 and ESG Report FY2026 are listed there; the cited FY2024-25 report was not found. Asset coverage in the note is unverified."
SRC-003,1,Brookfield India Real Estate Trust,Brookfield India REIT Annual Report 2024-25,2025,https://www.brookfieldindiareit.in/annual-report,Unverified — access blocked,2026-10-04,HTTP fetch of the cited URL,No,"Cited URL returned HTTP 403, so nothing on it could be read. Search results indicate the publisher's site hosts annual reports, but the specific FY2024-25 document was not opened and is not treated as verified."
SRC-004,1,Nexus Select Trust,Nexus Select Trust Annual Report 2024-25,2025,https://www.nexusselecttrust.com/,URL corrected; publisher confirmed; document not located,2026-10-04,HTTP fetch of the cited URL and of the publisher root,No,"Cited /investor-relations path returned HTTP 404; the publisher root resolves and confirms the entity. The named annual report was not located. DISCREPANCY: the previous register note claimed 17 consumption centres; the publisher's own site states 19 consumption centres across 15 cities as of 30 June 2026."
SRC-005,2,JLL India,India Office Market Report Q4 2024,2024,https://www.jll.com/en-in/insights,URL corrected; publisher confirmed; document not located,2026-10-04,HTTP fetch of the cited URL after following its redirect,No,"Cited URL www.jll.co.in/en/trends-and-insights issues a 302 to www.jll.com/en-in/insights. Publisher confirmed. No India office market quarterly report was listed on that page; the cited Q4 2024 report was not located."
SRC-006,2,CBRE South Asia,India Real Estate Market Outlook 2025,2025,https://www.cbre.co.in/insights,Publisher confirmed; document not located,2026-10-04,HTTP fetch of the cited URL,No,"URL resolves and is CBRE India's official insights page. The cited 2025 outlook was not listed; the reports visible are 2026-dated, including India Office Figures Q3 2026. The cited document was not found."
SRC-007,2,Knight Frank India,India Real Estate Outlook H1 2025,2025,https://www.knightfrank.co.in/research,Publisher confirmed; title not found; comparable series exists,2026-10-04,HTTP fetch of the cited URL,No,"URL resolves and is Knight Frank India's official research library (192 results). No report with the cited title exists. The publisher does run a comparable series — 'India Real Estate - Office and Residential Market H2: 2025' and the H1/H2 2026 editions are listed — so the cited title appears to be a paraphrase rather than a real document title."
SRC-008,2,Colliers India,Colliers India Office Market Q1 2025,2025,https://www.colliers.com/en-in/research,Unverified — access blocked,2026-10-04,HTTP fetch of the cited URL,No,"Cited URL returned HTTP 403, so nothing on it could be read. No part of this citation has been confirmed."
SRC-009,2,ANAROCK Research,India Residential Market Report Q4 2024,2024,https://www.anarock.com/research,Unverified — access blocked,2026-10-04,HTTP fetch of the cited URL,No,"Cited URL returned HTTP 403, so nothing on it could be read. No part of this citation has been confirmed."
SRC-010,2,Cushman & Wakefield India,India Office Leasing Outlook 2025,2025,https://www.cushmanwakefield.com/en/india/insights,Publisher confirmed; title not found; comparable series exists,2026-10-04,HTTP fetch of the cited URL,No,"URL resolves and is Cushman & Wakefield's official India insights page. The cited title was not listed. A generic 'India Office Market Report' and city-level MarketBeat reports for all eight cities in this project's universe are listed, but dated Q3 2026, not 2025."
SRC-011,3,Mint / Hindustan Times Media,India REIT market benchmark rentals 2024 (citing JLL),2024,https://www.livemint.com,Unverified — no article-level citation,2026-10-04,Register review,Yes,"The citation names only a publication's home page, not an article. A home-page URL cannot evidence a figure: it changes daily and contains no fixed claim. Not verifiable as cited, and not upgraded."
SRC-012,3,Economic Times Real Estate,Hyderabad commercial market overview citing Colliers 2024,2024,https://economictimes.indiatimes.com/real-estate,Unverified — no article-level citation,2026-10-04,Register review,Yes,"The citation names a section index, not an article. Same objection as SRC-011: a section page carries no fixed claim. Not verifiable as cited."
SRC-013,5,Academic Synthetic,REIT Target AI — Semi-Synthetic Assumption Set v1.0,2026,data-pipeline/assumptions.csv,N/A — internal assumption set,2026-10-04,File present in repository,No,"Not an external source and makes no external claim. It is this project's own documented assumption set, used where no external evidence was available. Present and readable in the repository."
